Name,Note,Discount,Price,Rating,Release,Ends,Started
Detroit: Become Human,new historical low,-80%,$7.99,94.73%,Jun 2020,in 7 days,9 hours ago
Red Dead Redemption 2,,-75%,$14.99,91.24%,Dec 2019,in 7 days,5 days ago
RimWorld,,-20%,$27.99,96.71%,Oct 2018,in 11 days,3 days ago
Risk of Rain 2,,-67%,$8.24,92.45%,Aug 2020,in 7 days,14 days ago
Total War: THREE KINGDOMS,new historical low,-80%,$11.99,71.69%,May 2019,in 3 days,14 days ago
Stray,,-40%,$17.99,95.96%,Jul 2022,in 7 days,14 days ago
PowerWash Simulator,,-50%,$12.49,94.82%,Jul 2022,in 3 days,14 days ago
Manor Lords,,-35%,$25.99,83.84%,Apr 2024,in 10 days,4 days ago
Hell Let Loose,new historical low,-63%,$19.77,81.23%,Jul 2021,in 7 days,6 days ago
"Warhammer 40,000: Darktide",,-60%,$15.99,70.59%,Nov 2022,in 14 days,9 hours ago
Wolfenstein: The New Order,,-80%,$3.99,90.05%,May 2014,in 3 days,4 days ago
The Elder Scrolls Online,all-time low: $1.99 at -90%,-75%,$4.99,80.32%,Apr 2014,in 11 days,9 hours ago
Borderlands 3,all-time low: $2.99 at -95%,-90%,$5.99,79.96%,Mar 2020,in 7 days,4 days ago
Grand Theft Auto V Enhanced,,-50%,$14.99,72.85%,Mar 2025,in 7 days,14 days ago
Garry's Mod,current 2-year low,-50%,$4.99,96.11%,Nov 2006,in 7 days,14 days ago
Outer Wilds,,-40%,$14.99,94.19%,Jun 2020,in 7 days,14 days ago
Ultimate Chicken Horse,,-65%,$5.24,94.10%,Mar 2016,in 7 days,9 hours ago
Supermarket Simulator,all-time low: $8.44 at -35%,-30%,$13.99,92.02%,Jun 2025,in 9 days,5 days ago
Metaphor: ReFantazio,,-45%,$38.49,88.65%,Oct 2024,in 3 days,4 days ago
Kingdom Two Crowns,,-80%,$3.99,88.53%,Dec 2018,in 10 days,4 days ago
Borderlands 2,all-time low: $0.00 at -0%,-75%,$4.99,87.45%,Sep 2012,in 7 days,4 days ago
GUILTY GEAR -STRIVE-,,-50%,$19.99,86.80%,Jun 2021,in 8 days,6 days ago
Warhammer: Vermintide 2,current 2-year low,-95%,$1.49,83.88%,Mar 2018,in 9 days,4 days ago
Just Cause 3,,-85%,$2.99,83.08%,Dec 2015,in 3 days,14 days ago
Borderlands 4,new historical low,-20%,$55.99,61.09%,Sep 2025,in 7 days,9 hours ago
TEKKEN 8,,-50%,$29.99,54.58%,Jan 2024,in 7 days,9 hours ago
Dyson Sphere Program,,-20%,$15.99,96.05%,Jan 2021,in 6 days,9 hours ago
Among Us,current 2-year low,-40%,$2.99,91.14%,Nov 2018,in 9 days,5 days ago
9 Kings,new historical low,-55%,$8.99,90.28%,May 2025,in 10 days,4 days ago
Overcooked! 2,,-75%,$6.24,89.21%,Aug 2018,in 14 days,9 hours ago
Wolfenstein: The Old Blood,,-80%,$3.99,88.21%,May 2015,in 3 days,4 days ago
Indiana Jones and the Great Circle,,-20%,$55.99,87.96%,Dec 2024,in 3 days,4 days ago
Mafia: Definitive Edition,,-85%,$5.99,85.42%,Sep 2020,in 7 days,4 days ago
Wolfenstein II: The New Colossus,,-85%,$5.99,79.88%,Oct 2017,in 3 days,4 days ago
Celeste,all-time low: $1.99 at -90%,-75%,$4.99,96.06%,Jan 2018,in 9 days,5 days ago
INSIDE,,-90%,$1.99,95.33%,Jul 2016,in 12 days,2 days ago
CarX Drift Racing Online,2-year low: $5.24,-60%,$5.99,93.74%,Nov 2017,in 4 days,5 days ago
The Long Dark,all-time low: $3.49 at -90%,-50%,$9.99,89.20%,Aug 2017,in 11 days,3 days ago
Assassin's Creed IV Black Flag,current 2-year low,-70%,$11.99,87.15%,Aug 2017,in 6 days,yesterday
Gang Beasts,,-60%,$7.99,83.96%,Dec 2017,in 7 days,14 days ago
Lords of the Fallen,,-40%,$17.99,66.11%,Oct 2023,in 7 days,9 hours ago
Against the Storm,,-50%,$14.99,92.85%,Dec 2023,in 10 days,4 days ago
A Little to the Left,,-50%,$7.49,89.55%,Nov 2022,in 5 days,4 days ago
A Game About Digging A Hole,new historical low,-25%,$3.74,87.15%,Feb 2025,in 7 days,9 hours ago
Absolum,new historical low,-10%,$22.49,86.64%,Oct 2025,in 3 days,5 days ago
Green Hell,all-time low: $2.06 at -69%,-75%,$6.99,84.58%,Sep 2019,in 7 days,7 days ago
F1 25,,-30%,$41.99,84.04%,May 2025,in 8 days,4 days ago
Heroes of Hammerwatch II,new historical low,-50%,$8.99,82.51%,Jan 2025,in 14 days,9 hours ago
WARNO,,-50%,$19.99,78.65%,May 2024,in 5 hours,7 days ago
IXION,,-65%,$12.24,76.99%,Dec 2022,in 3 days,4 days ago
Wolfenstein: Youngblood,current 2-year low,-75%,$4.99,44.20%,Jul 2019,in 3 days,4 days ago
Sleeping Dogs: Definitive Edition,current 2-year low,-85%,$2.99,92.29%,Oct 2014,in 3 days,14 days ago
Teenage Mutant Ninja Turtles: Shredder's Revenge,,-40%,$14.99,91.91%,Jun 2022,in 3 days,4 days ago
Fast Food Simulator,new historical low,-35%,$9.74,89.57%,Dec 2024,in 7 days,14 days ago
Golf With Your Friends,current 2-year low,-70%,$4.49,86.73%,May 2020,in 7 days,14 days ago
Gas Station Simulator,,-69%,$10.69,86.19%,Sep 2021,in 7 days,9 hours ago
Max Payne 3,,-70%,$5.99,85.32%,Jun 2012,in 7 days,14 days ago
Abyssus,new historical low,-20%,$19.99,82.80%,Aug 2025,in 3 days,7 days ago
Tom Clancy's Ghost Recon Breakpoint,all-time low: $5.99 at -90%,-80%,$11.99,72.31%,Jan 2023,in 6 days,yesterday
Planet Coaster 2,all-time low: $29.99 at -40%,-40%,$38.99,68.58%,Nov 2024,in 7 days,7 days ago
Mafia III: Definitive Edition,all-time low: $2.99 at -90%,-80%,$5.99,56.85%,May 2020,in 7 days,4 days ago
NBA 2K26,new historical low,-30%,$48.99,56.39%,Sep 2025,in 10 days,4 days ago
Sid Meier's Civilization VII,all-time low: $48.99 at -30%,-30%,$69.99,47.15%,Feb 2025,in 7 days,7 days ago
POSTAL 2,,-90%,$0.99,95.55%,Apr 2003,in 4 days,3 days ago
shapez 2,new historical low,-35%,$16.24,95.03%,Aug 2024,in 7 days,14 days ago
The Jackbox Party Pack 7,,-40%,$17.99,92.82%,Oct 2020,in 3 days,4 days ago
Viewfinder,,-65%,$8.74,91.59%,Jul 2023,in 14 days,9 hours ago
The Farmer Was Replaced,2-year low: $6.99,-20%,$7.99,91.47%,Oct 2025,in 11 days,4 days ago
Streets of Rage 4,,-65%,$8.74,90.49%,Apr 2020,in 3 days,4 days ago
Red Dead Redemption,all-time low: $29.99 at -40%,-41%,$44.18,89.75%,Oct 2024,in 7 days,5 days ago
Pumpkin Jack,new historical low,-91%,$2.69,88.58%,Oct 2020,in 12 days,2 days ago
Stronghold Crusader: Definitive Edition,,-20%,$15.99,87.61%,Jul 2025,in 7 days,9 hours ago
Riders Republic,all-time low: $3.99 at -90%,-75%,$9.99,80.67%,Jun 2023,in 7 days,5 days ago
Wild Assault,new historical low,-40%,$8.99,71.80%,Apr 2025,in 6 days,yesterday
Senren Banka,,-43%,$19.94,96.62%,Feb 2020,in 15 hours,14 days ago
Spirit City: Lofi Sessions,,-40%,$7.19,96.50%,Apr 2024,in 7 days,14 days ago